year_month,ghsusd,brent
1987-05,,18.58
1987-06,,18.86047619047619
1987-07,,19.856521739130436
1987-08,,18.97952380952381
1987-09,,18.313181818181818
1987-10,,18.757727272727273
1987-11,,17.780952380952378
1987-12,,17.05409090909091
1988-01,,16.749444444444446
1988-02,,15.729523809523808
1988-03,,14.731304347826086
1988-04,,16.59526315789474
1988-05,,16.314090909090908
1988-06,,15.543636363636363
1988-07,,14.907619047619047
1988-08,,14.89391304347826
1988-09,,13.179545454545455
1988-10,,12.405714285714286
1988-11,,13.024545454545455
1988-12,,15.306666666666667
1989-01,,17.171904761904763
1989-02,,16.8885
1989-03,,18.700952380952383
1989-04,,20.319499999999998
1989-05,,18.633181818181818
1989-06,,17.670909090909092
1989-07,,17.622857142857143
1989-08,,16.77
1989-09,,17.766190476190474
1989-10,,18.907727272727275
1989-11,,18.727272727272727
1989-12,,19.838947368421053
1990-01,,21.251818181818184
1990-02,,19.813499999999998
1990-03,,18.387272727272727
1990-04,,16.612105263157893
1990-05,,16.352272727272727
1990-06,,15.104761904761904
1990-07,,17.16909090909091
1990-08,,27.167391304347827
1990-09,,34.899
1990-10,,36.022608695652174
1990-11,,33.06727272727273
1990-12,,28.273500000000002
1991-01,,23.566363636363636
1991-02,,19.536
1991-03,,19.0825
1991-04,,19.18
1991-05,,19.186818181818182
1991-06,,18.1675
1991-07,,19.39695652173913
1991-08,,19.772727272727273
1991-09,,20.50190476190476
1991-10,,22.20608695652174
1991-11,,21.108571428571427
1991-12,,18.41095238095238
1992-01,,18.163636363636364
1992-02,,18.0535
1992-03,,17.63090909090909
1992-04,,18.91904761904762
1992-05,,19.8885
1992-06,,21.15818181818182
1992-07,,20.236521739130435
1992-08,,19.738095238095237
1992-09,,20.27
1992-10,,20.26181818181818
1992-11,,19.214285714285715
1992-12,,18.13952380952381
1993-01,,17.386000000000003
1993-02,,18.466315789473686
1993-03,,18.785217391304347
1993-04,,18.674500000000002
1993-05,,18.507894736842104
1993-06,,17.652727272727272
1993-07,,16.775454545454547
1993-08,,16.696190476190477
1993-09,,16.01181818181818
1993-10,,16.606666666666666
1993-11,,15.196363636363635
1993-12,,13.725714285714286
1994-01,,14.2915
1994-02,,13.802000000000001
1994-03,,13.822608695652175
1994-04,,15.231578947368419
1994-05,,16.188
1994-06,,16.763181818181817
1994-07,,17.59952380952381
1994-08,,16.89272727272727
1994-09,,15.895
1994-10,,16.49047619047619
1994-11,,17.191363636363636
1994-12,,15.931999999999999
1995-01,,16.551904761904762
1995-02,,17.1145
1995-03,,17.006521739130434
1995-04,,18.648333333333333
1995-05,,18.35090909090909
1995-06,,17.312727272727273
1995-07,,15.854285714285714
1995-08,,16.096363636363638
1995-09,,16.69952380952381
1995-10,,16.11090909090909
1995-11,,16.86090909090909
1995-12,,17.925263157894737
1996-01,,17.853181818181817
1996-02,,17.99904761904762
1996-03,,19.851904761904763
1996-04,,20.9005
1996-05,,19.154761904761905
1996-06,,18.4565
1996-07,,19.57086956521739
1996-08,,20.51238095238095
1996-09,,22.63047619047619
1996-10,,24.162608695652175
1996-11,,22.75952380952381
1996-12,,23.782999999999998
1997-01,,23.53761904761905
1997-02,,20.850526315789473
1997-03,,19.133000000000003
1997-04,,17.555909090909093
1997-05,,19.022857142857145
1997-06,,17.580000000000002
1997-07,,18.4645
1997-08,,18.595499999999998
1997-09,,18.46095238095238
1997-10,,19.86521739130435
1997-11,,19.17421052631579
1997-12,,17.18190476190476
1998-01,,15.186666666666667
1998-02,,14.0695
1998-03,,13.103181818181817
1998-04,,13.526500000000002
1998-05,,14.36315789473684
1998-06,,12.206363636363637
1998-07,,12.079565217391304
1998-08,,11.914
1998-09,,13.343636363636364
1998-10,,12.702272727272726
1998-11,,11.039047619047619
1998-12,,9.824285714285715
1999-01,,11.1145
1999-02,,10.27157894736842
1999-03,,12.511304347826087
1999-04,,15.2945
1999-05,,15.225263157894739
1999-06,,15.863181818181818
1999-07,,19.080000000000002
1999-08,,20.219047619047622
1999-09,,22.543181818181818
1999-10,,22.002380952380953
1999-11,,24.58409090909091
1999-12,,25.473157894736843
2000-01,,25.511
2000-02,,27.775714285714283
2000-03,,27.48608695652174
2000-04,,22.764444444444443
2000-05,,27.73761904761905
2000-06,,29.795454545454547
2000-07,,28.682380952380953
2000-08,,30.19608695652174
2000-09,,33.1447619047619
2000-10,,30.96090909090909
2000-11,,32.55227272727273
2000-12,,25.66
2001-01,,25.624545454545455
2001-02,,27.503500000000003
2001-03,,24.49727272727273
2001-04,,25.657142857142855
2001-05,,28.313636363636363
2001-06,,27.84904761904762
2001-07,,24.613636363636363
2001-08,,25.68
2001-09,,25.6195
2001-10,,20.53782608695652
2001-11,,18.797272727272727
2001-12,,18.705263157894734
2002-01,,19.416818181818183
2002-02,,20.2755
2002-03,,23.696666666666665
2002-04,,25.72863636363636
2002-05,,25.345454545454547
2002-06,,24.081666666666667
2002-07,,25.73608695652174
2002-08,,26.651363636363637
2002-09,,28.39952380952381
2002-10,,27.54304347826087
2002-11,,24.335238095238097
2002-12,,28.334500000000002
2003-01,,31.183636363636364
2003-02,,32.771
2003-03,,30.612380952380953
2003-04,,25.06772727272727
2003-05,,25.857727272727274
2003-06,,27.652857142857144
2003-07,,28.348695652173912
2003-08,,29.888095238095236
2003-09,,27.112272727272728
2003-10,,29.60782608695652
2003-11,,28.752499999999998
2003-12,,29.80714285714286
2004-01,,31.280952380952378
2004-02,,30.8585
2004-03,,33.63434782608696
2004-04,,33.59090909090909
2004-05,,37.56761904761905
2004-06,,35.18363636363636
2004-07,,38.221363636363634
2004-08,,42.74409090909091
2004-09,,43.19681818181818
2004-10,,49.776666666666664
2004-11,,43.110454545454544
2004-12,,39.60217391304348
2005-01,,44.509
2005-02,,45.475
2005-03,,53.10454545454545
2005-04,,51.88380952380952
2005-05,,48.64545454545455
2005-06,,54.35454545454545
2005-07,,57.52
2005-08,,63.98347826086956
2005-09,,62.908181818181816
2005-10,,58.53857142857142
2005-11,,55.24181818181818
2005-12,,56.855714285714285
2006-01,,62.985238095238095
2006-02,,60.21
2006-03,,62.06478260869565
2006-04,,70.26
2006-05,,69.77695652173912
2006-06,,68.5559090909091
2006-07,,73.67428571428572
2006-08,,73.2304347826087
2006-09,,61.95857142857143
2006-10,,57.808181818181815
2006-11,,58.76136363636363
2006-12,,62.47210526315789
2007-01,,53.68142857142857
2007-02,,57.55578947368421
2007-03,,62.05045454545455
2007-04,,67.4857894736842
2007-05,,67.21227272727273
2007-06,,71.04571428571428
2007-07,,76.92999999999999
2007-08,,70.76086956521739
2007-09,,77.17315789473685
2007-10,,82.34
2007-11,,92.41428571428571
2007-12,,90.92684210526315
2008-01,,92.17809523809524
2008-02,,94.9865
2008-03,,103.63550000000001
2008-04,,109.07136363636364
2008-05,,122.79714285714284
2008-06,,132.32238095238094
2008-07,,132.71818181818182
2008-08,,113.24333333333334
2008-09,,97.23476190476191
2008-10,,71.58217391304348
2008-11,,52.45263157894737
2008-12,,39.94681818181818
2009-01,,43.439499999999995
2009-02,,43.32473684210526
2009-03,,46.540454545454544
2009-04,,50.18190476190476
2009-05,,57.302499999999995
2009-06,,68.60954545454545
2009-07,,64.43545454545455
2009-08,,72.50857142857143
2009-09,,67.64619047619047
2009-10,,72.76954545454545
2009-11,,76.662
2009-12,,74.45636363636363
2010-01,,76.16736842105263
2010-02,,73.75210526315789
2010-03,,78.82739130434783
2010-04,,84.81761904761905
2010-05,,75.94550000000001
2010-06,,74.7609090909091
2010-07,,75.58
2010-08,,77.03954545454545
2010-09,,77.8404761904762
2010-10,,82.6647619047619
2010-11,,85.2747619047619
2010-12,,91.44681818181817
2011-01,,96.5235
2011-02,,103.71631578947368
2011-03,,114.64347826086957
2011-04,,123.25888888888888
2011-05,,114.98904761904762
2011-06,,113.83318181818181
2011-07,,116.97349999999999
2011-08,,110.21954545454545
2011-09,,112.83380952380953
2011-10,,109.55000000000001
2011-11,,110.76809523809524
2011-12,,107.87049999999999
2012-01,,110.68599999999999
2012-02,,119.327
2012-03,,125.44545454545455
2012-04,,119.42166666666668
2012-05,,110.33952380952381
2012-06,,95.15571428571428
2012-07,,102.61857142857141
2012-08,,113.35608695652174
2012-09,,112.8636842105263
2012-10,,111.7108695652174
2012-11,,109.05857142857143
2012-12,,109.494
2013-01,,112.96
2013-02,,116.05052631578947
2013-03,,108.474
2013-04,,102.24818181818182
2013-05,,102.55863636363637
2013-06,,102.9195
2013-07,,107.93318181818182
2013-08,,111.28045454545455
2013-09,,111.59649999999999
2013-10,,109.07652173913044
2013-11,,107.792
2013-12,,110.75666666666666
2014-01,,108.11772727272728
2014-02,,108.90052631578948
2014-03,,107.48095238095237
2014-04,,107.7552380952381
2014-05,,109.53909090909092
2014-06,,111.79523809523809
2014-07,,106.76818181818182
2014-08,,101.60809523809523
2014-09,,97.09142857142858
2014-10,,87.42521739130434
2014-11,,79.4378947368421
2014-12,,62.33500000000001
2015-01,,47.7595
2015-02,,58.0955
2015-03,,55.88545454545454
2015-04,,59.52428571428571
2015-05,,64.075
2015-06,,61.47772727272727
2015-07,,56.56130434782609
2015-08,,46.515
2015-09,,47.62318181818182
2015-10,,48.43
2015-11,,44.26761904761905
2015-12,,38.00545454545455
2016-01,,30.6995
2016-02,,32.1815
2016-03,,38.210454545454546
2016-04,,41.583333333333336
2016-05,,46.742380952380955
2016-06,,48.24727272727273
2016-07,,44.951904761904764
2016-08,,45.843043478260874
2016-09,,46.567727272727275
2016-10,,49.522380952380956
2016-11,,44.73409090909091
2016-12,,53.3085
2017-01,,54.57666666666666
2017-02,,54.8695
2017-03,,51.589130434782604
2017-04,,52.30789473684211
2017-05,,50.326521739130435
2017-06,,46.36818181818182
2017-07,,48.47857142857143
2017-08,,51.70434782608696
2017-09,,56.152857142857144
2017-10,,57.50772727272727
2017-11,,62.71409090909091
2017-12,,64.3736842105263
2018-01,,69.07727272727273
2018-02,,65.3175
2018-03,,66.01666666666667
2018-04,,72.10600000000001
2018-05,,76.9752380952381
2018-06,,74.4047619047619
2018-07,,74.2540909090909
2018-08,,72.52826086956522
2018-09,,78.89099999999999
2018-10,,81.03217391304348
2018-11,,64.74818181818182
2018-12,,57.36235294117647
2019-01,,59.40954545454545
2019-02,,63.9605
2019-03,,66.13857142857144
2019-04,,71.23333333333333
2019-05,,71.31772727272727
2019-06,,64.2205
2019-07,,63.9191304347826
2019-08,5.390317553087863,59.041818181818186
2019-09,5.416666666666667,62.826666666666675
2019-10,5.376344086021505,59.71304347826087
2019-11,5.4,63.21190476190476
2019-12,5.720759233926129,67.21714285714286
2020-01,5.652617568766637,63.64545454545455
2020-02,5.295315682281059,55.657000000000004
2020-03,5.5250626566416035,32.01136363636363
2020-04,5.69811320754717,18.3785
2020-05,5.6920657958393805,29.378947368421056
2020-06,5.740458015267175,40.26681818181818
2020-07,5.700657894736842,43.24217391304348
2020-08,5.697435897435898,44.736000000000004
2020-09,5.731343283582089,40.90954545454545
2020-10,5.745832175604335,40.18954545454546
2020-11,5.782608695652174,42.69238095238095
2020-12,5.806451612903226,49.99363636363637
2021-01,5.8028309409888355,54.774
2021-02,5.769766634254758,62.2765
2021-03,5.702702702702703,65.41
2021-04,5.760965756060023,64.8065
2021-05,5.735163030729533,68.53421052631579
2021-06,5.770491803278689,73.1640909090909
2021-07,5.912820512820512,75.1659090909091
2021-08,5.966244124768552,70.74714285714286
2021-09,5.927419354838709,74.48863636363636
2021-10,5.982978415181805,83.53809523809524
2021-11,6.032786885245902,81.05
2021-12,6.02919708029197,74.1704761904762
2022-01,6.083117443868739,86.50523809523808
2022-02,6.462962962962963,97.12899999999999
2022-03,7.000000000000001,117.24521739130434
2022-04,7.454545454545454,104.57526315789474
2022-05,7.466666666666666,113.33761904761906
2022-06,7.8451871657754015,122.71095238095238
2022-07,7.987163998791905,111.92571428571429
2022-08,9.102719970792261,100.44636363636364
2022-09,9.899999999999999,89.7647619047619
2022-10,11.029411764705882,93.33190476190477
2022-11,14.0,91.41545454545455
2022-12,8.0,80.924
2023-01,11.49418526031102,82.50142857142858
2023-02,12.0,82.58500000000001
2023-03,12.20388349514563,78.43434782608696
2023-04,11.438476327805816,84.63833333333334
2023-05,10.903225806451612,75.466
2023-06,11.0,74.83909090909091
2023-07,11.0,80.10809523809523
2023-08,,86.14772727272727
2023-09,,93.72238095238096
2023-10,,90.59590909090909
2023-11,,82.94
2023-12,,77.63105263157895
2024-01,,80.12409090909091
2024-02,,83.47809523809524
2024-03,,85.4085
2024-04,,89.93809523809524
2024-05,,81.74619047619048
2024-06,,82.24600000000001
2024-07,,85.15304347826087
2024-08,,80.3552380952381
2024-09,,74.01666666666667
2024-10,,75.63260869565217
2024-11,,74.3452380952381
2024-12,,73.8595
2025-01,,79.27045454545454
2025-02,,75.438
2025-03,,72.73285714285714
2025-04,,68.1345
2025-05,,64.453
2025-06,,71.4447619047619
2025-07,,71.04130434782608
2025-08,,67.87
2025-09,,67.98545454545454
2025-10,,64.54347826086956
2025-11,,63.797000000000004
2025-12,,62.54428571428572
2026-01,,66.60238095238095
2026-02,,70.887
2026-03,,103.13454545454546
2026-04,,116.45470588235294
